mean_distance_m,median_distance_m,p90_distance_m,mean_edge_fraction,median_edge_fraction
24.936097134620283,11.884077174641675,63.33132700960715,0.19648335972146017,0.16329798753056732
