moran_i,expected_i,z_score,p_value,permutation_p_value
0.3006699284987632,-0.0022471910112359553,10.480053636143621,1.0668322144696879e-25,0.002
